nombre,etiqueta,activo
Menús,Incluyen una entrada,SI
Platos marinos,Pescados y mariscos,SI
Pescados y sudados,Del mar a la mesa,SI
Dúos marinos,Para compartir,SI
Tríos marinos,Combinaciones marinas,SI
Clásicos marinos,Favoritos de la casa,SI
Platos criollos,Sazón peruana,SI
Sopas y tradicionales,Cocina criolla,SI
Platos de la selva,Sabor amazónico,SI
Especiales de la selva,Combinaciones amazónicas,SI
Bebidas de la selva,Frutas amazónicas,SI
Desayunos,Desde temprano,SI
Comida saludable,Dietas,SI
Bebidas,Frías y calientes,SI
